brand,name,specLink
Cooler Master,HAF 700 EVO White,https://pangoly.com/en/product/cooler-master-haf-700-evo-white
Cooler Master,MasterBox 600 White,https://pangoly.com/en/product/cooler-master-masterbox-600-white
Cooler Master,MasterBox 600,https://pangoly.com/en/product/cooler-master-masterbox-600
Cooler Master,NR200P V2,https://pangoly.com/en/product/cooler-master-nr200p-v2
Cooler Master,NR200P V2 White,https://pangoly.com/en/product/cooler-master-nr200p-v2-white
Cooler Master,Qube 500 Flatpack,https://pangoly.com/en/product/cooler-master-qube-500-flatpack
Cooler Master,Qube 500 Flatpack White,https://pangoly.com/en/product/cooler-master-qube-500-flatpack-white
Cooler Master,Qube 500 Flatpack Macaron,https://pangoly.com/en/product/cooler-master-qube-500-flatpack-macaron
Cooler Master,Q300L V2,https://pangoly.com/en/product/cooler-master-q300l-v2
Cooler Master,Cosmos Infinity 30th Anniversary,https://pangoly.com/en/product/cooler-master-cosmos-infinity-30th-anniversary
Cooler Master,MasterBox TD500 Mesh V2 White,https://pangoly.com/en/product/cooler-master-masterbox-td500-mesh-v2-white
Cooler Master,MasterBox TD500 Mesh V2,https://pangoly.com/en/product/cooler-master-masterbox-td500-mesh-v2
Cooler Master,MasterBox 520 Mesh Blackout Edition,https://pangoly.com/en/product/cooler-master-masterbox-520-mesh-blackout-edition
Cooler Master,MasterBox 520 Mesh White,https://pangoly.com/en/product/cooler-master-masterbox-520-mesh-white
Cooler Master,HAF 700 EVO,https://pangoly.com/en/product/cooler-master-haf-700-evo
Cooler Master,HAF 500 White Edition,https://pangoly.com/en/product/cooler-master-haf-500-white-edition
Cooler Master,HAF 500,https://pangoly.com/en/product/cooler-master-haf-500
Cooler Master,MasterBox NR200P Cyan,https://pangoly.com/en/product/cooler-master-masterbox-nr200p-cyan
Cooler Master,MasterBox NR200P Purple,https://pangoly.com/en/product/cooler-master-masterbox-nr200p-purple
Cooler Master,MasterBox NR200P Pink,https://pangoly.com/en/product/cooler-master-masterbox-nr200p-pink
Cooler Master,MasterBox NR200P Orange,https://pangoly.com/en/product/cooler-master-masterbox-nr200p-orange
Cooler Master,MasterBox 540,https://pangoly.com/en/product/cooler-master-masterbox-540
Cooler Master,MasterFrame 700,https://pangoly.com/en/product/cooler-master-masterframe-700
Cooler Master,MasterBox NR200P White,https://pangoly.com/en/product/cooler-master-masterbox-nr200p-white
Cooler Master,MasterBox NR200P,https://pangoly.com/en/product/cooler-master-masterbox-nr200p
Cooler Master,MasterBox Pro 5 MCY-B5P2-KWGN-03,https://pangoly.com/en/product/cooler-master-masterbox-pro-5-mcy-b5p2-kwgn-03
Cooler Master,MasterBox NR200 White,https://pangoly.com/en/product/cooler-master-masterbox-nr200-white
Cooler Master,MasterBox NR200,https://pangoly.com/en/product/cooler-master-masterbox-nr200
Cooler Master,MasterBox NR600P,https://pangoly.com/en/product/cooler-master-masterbox-nr600p
Cooler Master,MasterBox TD500 Mesh White,https://pangoly.com/en/product/cooler-master-masterbox-td500-mesh-white
Cooler Master,MasterBox TD500 ARGB Mesh,https://pangoly.com/en/product/cooler-master-masterbox-td500-argb-mesh
Cooler Master,MasterCase SL600M Black Edition,https://pangoly.com/en/product/cooler-master-mastercase-sl600m-black-edition
Cooler Master,MasterBox MB320L,https://pangoly.com/en/product/cooler-master-masterbox-mb320l
Cooler Master,MasterBox MB311L,https://pangoly.com/en/product/cooler-master-masterbox-mb311l
Cooler Master,MasterBox MB511 MCB-B511D-KGNN-RGA,https://pangoly.com/en/product/cooler-master-masterbox-mb511-mcb-b511d-kgnn-rga
Cooler Master,MasterCase H100 ARGB,https://pangoly.com/en/product/cooler-master-mastercase-h100-argb
Cooler Master,MasterBox Lite 5,https://pangoly.com/en/product/cooler-master-masterbox-lite-5
Cooler Master,MasterCase H500,https://pangoly.com/en/product/cooler-master-mastercase-h500
Cooler Master,MasterBox MB520 ARGB,https://pangoly.com/en/product/cooler-master-masterbox-mb520-argb
Cooler Master,MasterCase H500P Mesh,https://pangoly.com/en/product/cooler-master-mastercase-h500p-mesh
Cooler Master,MasterBox MB500,https://pangoly.com/en/product/cooler-master-masterbox-mb500
Cooler Master,MasterBox MB510L,https://pangoly.com/en/product/cooler-master-masterbox-mb510l
Cooler Master,Silencio S600,https://pangoly.com/en/product/cooler-master-silencio-s600
Cooler Master,MasterBox NR400,https://pangoly.com/en/product/cooler-master-masterbox-nr400
Cooler Master,MasterBox NR600,https://pangoly.com/en/product/cooler-master-masterbox-nr600
Cooler Master,MasterBox Q500L,https://pangoly.com/en/product/cooler-master-masterbox-q500l
Cooler Master,MasterBox MB530P,https://pangoly.com/en/product/cooler-master-masterbox-mb530p
